{"cameraMode":{"drawMode":0,"name":"Shaded","section":"Shading Mode"},"sceneLighting":false,"audioPlay":false,"sceneViewState":{"showFog":true,"showMaterialUpdate":false,"showSkybox":true,"showFlares":true,"showImageEffects":true,"showParticleSystems":true},"in2DMode":false,"pivot":{"x":14.846854209899903,"y":18.101428985595704,"z":12.836925506591797},"rotation":{"x":-0.07550881057977677,"y":0.8817599415779114,"z":-0.15118736028671266,"w":-0.4403863251209259},"size":9.41135025024414,"orthographic":false}